"date","count","lang","page","rank","month","title"
"3",2015-01-10,4053,"en","Peyton_Manning","7560","201501","Peyton_Manning"
"4",2015-01-11,19665,"en","Peyton_Manning","7560","201501","Peyton_Manning"
"5",2015-01-12,44134,"en","Peyton_Manning","7560","201501","Peyton_Manning"
"6",2015-01-13,17330,"en","Peyton_Manning","7560","201501","Peyton_Manning"
"7",2015-01-14,9046,"en","Peyton_Manning","7560","201501","Peyton_Manning"
"8",2015-01-15,6631,"en","Peyton_Manning","7560","201501","Peyton_Manning"
"9",2015-01-16,6523,"en","Peyton_Manning","7560","201501","Peyton_Manning"
"10",2015-01-17,4582,"en","Peyton_Manning","7560","201501","Peyton_Manning"
"1",2015-01-18,7178,"en","Peyton_Manning","7560","201501","Peyton_Manning"
"2",2015-01-19,17316,"en","Peyton_Manning","7560","201501","Peyton_Manning"
"18",2015-01-20,7724,"en","Peyton_Manning","7560","201501","Peyton_Manning"
"17",2015-01-21,5774,"en","Peyton_Manning","7560","201501","Peyton_Manning"
"20",2015-01-22,5350,"en","Peyton_Manning","7560","201501","Peyton_Manning"
"19",2015-01-23,4432,"en","Peyton_Manning","7560","201501","Peyton_Manning"
"14",2015-01-24,2762,"en","Peyton_Manning","7560","201501","Peyton_Manning"
"13",2015-01-25,3247,"en","Peyton_Manning","7560","201501","Peyton_Manning"
"16",2015-01-26,4268,"en","Peyton_Manning","7560","201501","Peyton_Manning"
"15",2015-01-27,4038,"en","Peyton_Manning","7560","201501","Peyton_Manning"
"22",2015-01-28,3936,"en","Peyton_Manning","7560","201501","Peyton_Manning"
"21",2015-01-29,4288,"en","Peyton_Manning","7560","201501","Peyton_Manning"
"11",2015-01-30,5422,"en","Peyton_Manning","7560","201501","Peyton_Manning"
"12",2015-01-31,3233,"en","Peyton_Manning","7560","201501","Peyton_Manning"
"38",2015-02-01,8387,"en","Peyton_Manning","7560","201502","Peyton_Manning"
"36",2015-02-02,29238,"en","Peyton_Manning","7560","201502","Peyton_Manning"
"37",2015-02-03,10649,"en","Peyton_Manning","7560","201502","Peyton_Manning"
"34",2015-02-04,6088,"en","Peyton_Manning","7560","201502","Peyton_Manning"
"35",2015-02-05,0,"en","Peyton_Manning","7560","201502","Peyton_Manning"
"32",2015-02-06,3765,"en","Peyton_Manning","7560","201502","Peyton_Manning"
"33",2015-02-07,2655,"en","Peyton_Manning","7560","201502","Peyton_Manning"
"30",2015-02-08,2472,"en","Peyton_Manning","7560","201502","Peyton_Manning"
"31",2015-02-09,2783,"en","Peyton_Manning","7560","201502","Peyton_Manning"
"47",2015-02-10,4512,"en","Peyton_Manning","7560","201502","Peyton_Manning"
"46",2015-02-11,3486,"en","Peyton_Manning","7560","201502","Peyton_Manning"
"49",2015-02-12,2584,"en","Peyton_Manning","7560","201502","Peyton_Manning"
"48",2015-02-13,2724,"en","Peyton_Manning","7560","201502","Peyton_Manning"
"43",2015-02-14,2463,"en","Peyton_Manning","7560","201502","Peyton_Manning"
"42",2015-02-15,1822,"en","Peyton_Manning","7560","201502","Peyton_Manning"
"45",2015-02-16,3655,"en","Peyton_Manning","7560","201502","Peyton_Manning"
"44",2015-02-17,2494,"en","Peyton_Manning","7560","201502","Peyton_Manning"
"41",2015-02-18,2450,"en","Peyton_Manning","7560","201502","Peyton_Manning"
"40",2015-02-19,2347,"en","Peyton_Manning","7560","201502","Peyton_Manning"
"24",2015-02-20,2216,"en","Peyton_Manning","7560","201502","Peyton_Manning"
"25",2015-02-21,3169,"en","Peyton_Manning","7560","201502","Peyton_Manning"
"26",2015-02-22,1557,"en","Peyton_Manning","7560","201502","Peyton_Manning"
"27",2015-02-23,1779,"en","Peyton_Manning","7560","201502","Peyton_Manning"
"28",2015-02-24,1883,"en","Peyton_Manning","7560","201502","Peyton_Manning"
"29",2015-02-25,2201,"en","Peyton_Manning","7560","201502","Peyton_Manning"
"39",2015-02-26,1815,"en","Peyton_Manning","7560","201502","Peyton_Manning"
"50",2015-02-27,1633,"en","Peyton_Manning","7560","201502","Peyton_Manning"
"23",2015-02-28,1144,"en","Peyton_Manning","7560","201502","Peyton_Manning"
"74",2015-03-01,1156,"en","Peyton_Manning","7560","201503","Peyton_Manning"
"76",2015-03-02,1576,"en","Peyton_Manning","7560","201503","Peyton_Manning"
"75",2015-03-03,2045,"en","Peyton_Manning","7560","201503","Peyton_Manning"
"78",2015-03-04,2429,"en","Peyton_Manning","7560","201503","Peyton_Manning"
"77",2015-03-05,4568,"en","Peyton_Manning","7560","201503","Peyton_Manning"
"80",2015-03-06,2743,"en","Peyton_Manning","7560","201503","Peyton_Manning"
"79",2015-03-07,1389,"en","Peyton_Manning","7560","201503","Peyton_Manning"
"67",2015-03-08,1348,"en","Peyton_Manning","7560","201503","Peyton_Manning"
"66",2015-03-09,1913,"en","Peyton_Manning","7560","201503","Peyton_Manning"
"58",2015-03-10,1964,"en","Peyton_Manning","7560","201503","Peyton_Manning"
"59",2015-03-11,2171,"en","Peyton_Manning","7560","201503","Peyton_Manning"
"56",2015-03-12,2012,"en","Peyton_Manning","7560","201503","Peyton_Manning"
"57",2015-03-13,2216,"en","Peyton_Manning","7560","201503","Peyton_Manning"
"62",2015-03-14,1276,"en","Peyton_Manning","7560","201503","Peyton_Manning"
"63",2015-03-15,1142,"en","Peyton_Manning","7560","201503","Peyton_Manning"
"60",2015-03-16,1539,"en","Peyton_Manning","7560","201503","Peyton_Manning"
"61",2015-03-17,1780,"en","Peyton_Manning","7560","201503","Peyton_Manning"
"54",2015-03-18,1559,"en","Peyton_Manning","7560","201503","Peyton_Manning"
"55",2015-03-19,1675,"en","Peyton_Manning","7560","201503","Peyton_Manning"
"69",2015-03-20,1468,"en","Peyton_Manning","7560","201503","Peyton_Manning"
"68",2015-03-21,913,"en","Peyton_Manning","7560","201503","Peyton_Manning"
"65",2015-03-22,1003,"en","Peyton_Manning","7560","201503","Peyton_Manning"
"64",2015-03-23,1512,"en","Peyton_Manning","7560","201503","Peyton_Manning"
"73",2015-03-24,2956,"en","Peyton_Manning","7560","201503","Peyton_Manning"
"72",2015-03-25,2237,"en","Peyton_Manning","7560","201503","Peyton_Manning"
"71",2015-03-26,1455,"en","Peyton_Manning","7560","201503","Peyton_Manning"
"70",2015-03-27,1489,"en","Peyton_Manning","7560","201503","Peyton_Manning"
"51",2015-03-28,998,"en","Peyton_Manning","7560","201503","Peyton_Manning"
"81",2015-03-29,2626,"en","Peyton_Manning","7560","201503","Peyton_Manning"
"52",2015-03-30,1195,"en","Peyton_Manning","7560","201503","Peyton_Manning"
"53",2015-03-31,1438,"en","Peyton_Manning","7560","201503","Peyton_Manning"
"85",2015-04-01,1358,"en","Peyton_Manning","7560","201504","Peyton_Manning"
"86",2015-04-02,1295,"en","Peyton_Manning","7560","201504","Peyton_Manning"
"87",2015-04-03,1357,"en","Peyton_Manning","7560","201504","Peyton_Manning"
"88",2015-04-04,925,"en","Peyton_Manning","7560","201504","Peyton_Manning"
"89",2015-04-05,899,"en","Peyton_Manning","7560","201504","Peyton_Manning"
"90",2015-04-06,1284,"en","Peyton_Manning","7560","201504","Peyton_Manning"
"91",2015-04-07,1148,"en","Peyton_Manning","7560","201504","Peyton_Manning"
"83",2015-04-08,1202,"en","Peyton_Manning","7560","201504","Peyton_Manning"
"84",2015-04-09,1386,"en","Peyton_Manning","7560","201504","Peyton_Manning"
"111",2015-04-10,1451,"en","Peyton_Manning","7560","201504","Peyton_Manning"
"110",2015-04-11,810,"en","Peyton_Manning","7560","201504","Peyton_Manning"
"109",2015-04-12,1128,"en","Peyton_Manning","7560","201504","Peyton_Manning"
"108",2015-04-13,1306,"en","Peyton_Manning","7560","201504","Peyton_Manning"
"107",2015-04-14,1371,"en","Peyton_Manning","7560","201504","Peyton_Manning"
"106",2015-04-15,1536,"en","Peyton_Manning","7560","201504","Peyton_Manning"
"105",2015-04-16,1575,"en","Peyton_Manning","7560","201504","Peyton_Manning"
"104",2015-04-17,1427,"en","Peyton_Manning","7560","201504","Peyton_Manning"
"103",2015-04-18,908,"en","Peyton_Manning","7560","201504","Peyton_Manning"
"102",2015-04-19,1508,"en","Peyton_Manning","7560","201504","Peyton_Manning"
"98",2015-04-20,2080,"en","Peyton_Manning","7560","201504","Peyton_Manning"
"99",2015-04-21,1645,"en","Peyton_Manning","7560","201504","Peyton_Manning"
"96",2015-04-22,1944,"en","Peyton_Manning","7560","201504","Peyton_Manning"
"97",2015-04-23,1782,"en","Peyton_Manning","7560","201504","Peyton_Manning"
"94",2015-04-24,1530,"en","Peyton_Manning","7560","201504","Peyton_Manning"
"95",2015-04-25,1347,"en","Peyton_Manning","7560","201504","Peyton_Manning"
"92",2015-04-26,1201,"en","Peyton_Manning","7560","201504","Peyton_Manning"
"93",2015-04-27,1520,"en","Peyton_Manning","7560","201504","Peyton_Manning"
"100",2015-04-28,1565,"en","Peyton_Manning","7560","201504","Peyton_Manning"
"101",2015-04-29,1743,"en","Peyton_Manning","7560","201504","Peyton_Manning"
"82",2015-04-30,1934,"en","Peyton_Manning","7560","201504","Peyton_Manning"
"114",2015-05-01,2321,"en","Peyton_Manning","7560","201505","Peyton_Manning"
"113",2015-05-02,1267,"en","Peyton_Manning","7560","201505","Peyton_Manning"
"112",2015-05-03,992,"en","Peyton_Manning","7560","201505","Peyton_Manning"
"118",2015-05-04,1527,"en","Peyton_Manning","7560","201505","Peyton_Manning"
"117",2015-05-05,1368,"en","Peyton_Manning","7560","201505","Peyton_Manning"
"116",2015-05-06,2293,"en","Peyton_Manning","7560","201505","Peyton_Manning"
"115",2015-05-07,1577,"en","Peyton_Manning","7560","201505","Peyton_Manning"
"122",2015-05-08,1467,"en","Peyton_Manning","7560","201505","Peyton_Manning"
"121",2015-05-09,1140,"en","Peyton_Manning","7560","201505","Peyton_Manning"
"137",2015-05-10,1025,"en","Peyton_Manning","7560","201505","Peyton_Manning"
"138",2015-05-11,1489,"en","Peyton_Manning","7560","201505","Peyton_Manning"
"139",2015-05-12,2178,"en","Peyton_Manning","7560","201505","Peyton_Manning"
"140",2015-05-13,1771,"en","Peyton_Manning","7560","201505","Peyton_Manning"
"133",2015-05-14,1436,"en","Peyton_Manning","7560","201505","Peyton_Manning"
"134",2015-05-15,1494,"en","Peyton_Manning","7560","201505","Peyton_Manning"
"135",2015-05-16,846,"en","Peyton_Manning","7560","201505","Peyton_Manning"
"136",2015-05-17,903,"en","Peyton_Manning","7560","201505","Peyton_Manning"
"131",2015-05-18,1265,"en","Peyton_Manning","7560","201505","Peyton_Manning"
"132",2015-05-19,1322,"en","Peyton_Manning","7560","201505","Peyton_Manning"
"120",2015-05-20,1262,"en","Peyton_Manning","7560","201505","Peyton_Manning"
"119",2015-05-21,6384,"en","Peyton_Manning","7560","201505","Peyton_Manning"
"130",2015-05-22,3942,"en","Peyton_Manning","7560","201505","Peyton_Manning"
"129",2015-05-23,1698,"en","Peyton_Manning","7560","201505","Peyton_Manning"
"124",2015-05-24,1287,"en","Peyton_Manning","7560","201505","Peyton_Manning"
"123",2015-05-25,1143,"en","Peyton_Manning","7560","201505","Peyton_Manning"
"126",2015-05-26,1306,"en","Peyton_Manning","7560","201505","Peyton_Manning"
"125",2015-05-27,1657,"en","Peyton_Manning","7560","201505","Peyton_Manning"
"127",2015-05-28,1417,"en","Peyton_Manning","7560","201505","Peyton_Manning"
"142",2015-05-29,1458,"en","Peyton_Manning","7560","201505","Peyton_Manning"
"141",2015-05-30,834,"en","Peyton_Manning","7560","201505","Peyton_Manning"
"128",2015-05-31,1025,"en","Peyton_Manning","7560","201505","Peyton_Manning"
"164",2015-06-01,1181,"en","Peyton_Manning","7560","201506","Peyton_Manning"
"161",2015-06-02,1343,"en","Peyton_Manning","7560","201506","Peyton_Manning"
"162",2015-06-03,1293,"en","Peyton_Manning","7560","201506","Peyton_Manning"
"158",2015-06-04,1173,"en","Peyton_Manning","7560","201506","Peyton_Manning"
"168",2015-06-05,999,"en","Peyton_Manning","7560","201506","Peyton_Manning"
"156",2015-06-06,794,"en","Peyton_Manning","7560","201506","Peyton_Manning"
"157",2015-06-07,677,"en","Peyton_Manning","7560","201506","Peyton_Manning"
"169",2015-06-08,1145,"en","Peyton_Manning","7560","201506","Peyton_Manning"
"170",2015-06-09,1145,"en","Peyton_Manning","7560","201506","Peyton_Manning"
"148",2015-06-10,1010,"en","Peyton_Manning","7560","201506","Peyton_Manning"
"147",2015-06-11,1162,"en","Peyton_Manning","7560","201506","Peyton_Manning"
"150",2015-06-12,949,"en","Peyton_Manning","7560","201506","Peyton_Manning"
"149",2015-06-13,768,"en","Peyton_Manning","7560","201506","Peyton_Manning"
"152",2015-06-14,682,"en","Peyton_Manning","7560","201506","Peyton_Manning"
"151",2015-06-15,983,"en","Peyton_Manning","7560","201506","Peyton_Manning"
"154",2015-06-16,1019,"en","Peyton_Manning","7560","201506","Peyton_Manning"
"153",2015-06-17,1102,"en","Peyton_Manning","7560","201506","Peyton_Manning"
"160",2015-06-18,966,"en","Peyton_Manning","7560","201506","Peyton_Manning"
"155",2015-06-19,983,"en","Peyton_Manning","7560","201506","Peyton_Manning"
"165",2015-06-20,628,"en","Peyton_Manning","7560","201506","Peyton_Manning"
"166",2015-06-21,930,"en","Peyton_Manning","7560","201506","Peyton_Manning"
"167",2015-06-22,1440,"en","Peyton_Manning","7560","201506","Peyton_Manning"
"159",2015-06-23,1185,"en","Peyton_Manning","7560","201506","Peyton_Manning"
"144",2015-06-24,1547,"en","Peyton_Manning","7560","201506","Peyton_Manning"
"145",2015-06-25,1468,"en","Peyton_Manning","7560","201506","Peyton_Manning"
"163",2015-06-26,1439,"en","Peyton_Manning","7560","201506","Peyton_Manning"
"143",2015-06-27,1728,"en","Peyton_Manning","7560","201506","Peyton_Manning"
"171",2015-06-28,806,"en","Peyton_Manning","7560","201506","Peyton_Manning"
"172",2015-06-29,1057,"en","Peyton_Manning","7560","201506","Peyton_Manning"
"146",2015-06-30,1115,"en","Peyton_Manning","7560","201506","Peyton_Manning"
"199",2015-07-01,890,"en","Peyton_Manning","7560","201507","Peyton_Manning"
"201",2015-07-02,916,"en","Peyton_Manning","7560","201507","Peyton_Manning"
"200",2015-07-03,749,"en","Peyton_Manning","7560","201507","Peyton_Manning"
"196",2015-07-04,648,"en","Peyton_Manning","7560","201507","Peyton_Manning"
"195",2015-07-05,665,"en","Peyton_Manning","7560","201507","Peyton_Manning"
"198",2015-07-06,953,"en","Peyton_Manning","7560","201507","Peyton_Manning"
"197",2015-07-07,974,"en","Peyton_Manning","7560","201507","Peyton_Manning"
"203",2015-07-08,1094,"en","Peyton_Manning","7560","201507","Peyton_Manning"
"191",2015-07-09,1277,"en","Peyton_Manning","7560","201507","Peyton_Manning"
"183",2015-07-10,1335,"en","Peyton_Manning","7560","201507","Peyton_Manning"
"184",2015-07-11,819,"en","Peyton_Manning","7560","201507","Peyton_Manning"
"181",2015-07-12,1078,"en","Peyton_Manning","7560","201507","Peyton_Manning"
"182",2015-07-13,1247,"en","Peyton_Manning","7560","201507","Peyton_Manning"
"179",2015-07-14,1199,"en","Peyton_Manning","7560","201507","Peyton_Manning"
"180",2015-07-15,1338,"en","Peyton_Manning","7560","201507","Peyton_Manning"
"177",2015-07-16,3264,"en","Peyton_Manning","7560","201507","Peyton_Manning"
"178",2015-07-17,1626,"en","Peyton_Manning","7560","201507","Peyton_Manning"
"175",2015-07-18,1153,"en","Peyton_Manning","7560","201507","Peyton_Manning"
"176",2015-07-19,1333,"en","Peyton_Manning","7560","201507","Peyton_Manning"
"194",2015-07-20,1705,"en","Peyton_Manning","7560","201507","Peyton_Manning"
"193",2015-07-21,1665,"en","Peyton_Manning","7560","201507","Peyton_Manning"
"192",2015-07-22,1762,"en","Peyton_Manning","7560","201507","Peyton_Manning"
"202",2015-07-23,1624,"en","Peyton_Manning","7560","201507","Peyton_Manning"
"190",2015-07-24,1320,"en","Peyton_Manning","7560","201507","Peyton_Manning"
"189",2015-07-25,958,"en","Peyton_Manning","7560","201507","Peyton_Manning"
"188",2015-07-26,929,"en","Peyton_Manning","7560","201507","Peyton_Manning"
"187",2015-07-27,1462,"en","Peyton_Manning","7560","201507","Peyton_Manning"
"186",2015-07-28,1372,"en","Peyton_Manning","7560","201507","Peyton_Manning"
"185",2015-07-29,1400,"en","Peyton_Manning","7560","201507","Peyton_Manning"
"173",2015-07-30,1490,"en","Peyton_Manning","7560","201507","Peyton_Manning"
"174",2015-07-31,1506,"en","Peyton_Manning","7560","201507","Peyton_Manning"
"214",2015-08-01,1052,"en","Peyton_Manning","7560","201508","Peyton_Manning"
"215",2015-08-02,921,"en","Peyton_Manning","7560","201508","Peyton_Manning"
"216",2015-08-03,1315,"en","Peyton_Manning","7560","201508","Peyton_Manning"
"209",2015-08-04,1446,"en","Peyton_Manning","7560","201508","Peyton_Manning"
"210",2015-08-05,1438,"en","Peyton_Manning","7560","201508","Peyton_Manning"
"211",2015-08-06,2501,"en","Peyton_Manning","7560","201508","Peyton_Manning"
"212",2015-08-07,1668,"en","Peyton_Manning","7560","201508","Peyton_Manning"
"207",2015-08-08,1105,"en","Peyton_Manning","7560","201508","Peyton_Manning"
"208",2015-08-09,1180,"en","Peyton_Manning","7560","201508","Peyton_Manning"
"223",2015-08-10,1430,"en","Peyton_Manning","7560","201508","Peyton_Manning"
"222",2015-08-11,2003,"en","Peyton_Manning","7560","201508","Peyton_Manning"
"221",2015-08-12,1915,"en","Peyton_Manning","7560","201508","Peyton_Manning"
"220",2015-08-13,1963,"en","Peyton_Manning","7560","201508","Peyton_Manning"
"227",2015-08-14,1465,"en","Peyton_Manning","7560","201508","Peyton_Manning"
"226",2015-08-15,1526,"en","Peyton_Manning","7560","201508","Peyton_Manning"
"225",2015-08-16,1368,"en","Peyton_Manning","7560","201508","Peyton_Manning"
"224",2015-08-17,1688,"en","Peyton_Manning","7560","201508","Peyton_Manning"
"231",2015-08-18,2322,"en","Peyton_Manning","7560","201508","Peyton_Manning"
"230",2015-08-19,2059,"en","Peyton_Manning","7560","201508","Peyton_Manning"
"219",2015-08-20,2277,"en","Peyton_Manning","7560","201508","Peyton_Manning"
"228",2015-08-21,2500,"en","Peyton_Manning","7560","201508","Peyton_Manning"
"217",2015-08-22,1375,"en","Peyton_Manning","7560","201508","Peyton_Manning"
"218",2015-08-23,1767,"en","Peyton_Manning","7560","201508","Peyton_Manning"
"233",2015-08-24,2600,"en","Peyton_Manning","7560","201508","Peyton_Manning"
"234",2015-08-25,2833,"en","Peyton_Manning","7560","201508","Peyton_Manning"
"213",2015-08-26,2368,"en","Peyton_Manning","7560","201508","Peyton_Manning"
"232",2015-08-27,1958,"en","Peyton_Manning","7560","201508","Peyton_Manning"
"205",2015-08-28,1899,"en","Peyton_Manning","7560","201508","Peyton_Manning"
"206",2015-08-29,1468,"en","Peyton_Manning","7560","201508","Peyton_Manning"
"229",2015-08-30,2416,"en","Peyton_Manning","7560","201508","Peyton_Manning"
"204",2015-08-31,2115,"en","Peyton_Manning","7560","201508","Peyton_Manning"
"256",2015-09-01,1872,"en","Peyton_Manning","7560","201509","Peyton_Manning"
"255",2015-09-02,2133,"en","Peyton_Manning","7560","201509","Peyton_Manning"
"254",2015-09-03,3186,"en","Peyton_Manning","7560","201509","Peyton_Manning"
"253",2015-09-04,3461,"en","Peyton_Manning","7560","201509","Peyton_Manning"
"252",2015-09-05,2265,"en","Peyton_Manning","7560","201509","Peyton_Manning"
"251",2015-09-06,2247,"en","Peyton_Manning","7560","201509","Peyton_Manning"
"250",2015-09-07,2160,"en","Peyton_Manning","7560","201509","Peyton_Manning"
"260",2015-09-08,2684,"en","Peyton_Manning","7560","201509","Peyton_Manning"
"263",2015-09-09,3229,"en","Peyton_Manning","7560","201509","Peyton_Manning"
"235",2015-09-10,3617,"en","Peyton_Manning","7560","201509","Peyton_Manning"
"236",2015-09-11,5797,"en","Peyton_Manning","7560","201509","Peyton_Manning"
"237",2015-09-12,2552,"en","Peyton_Manning","7560","201509","Peyton_Manning"
"238",2015-09-13,6497,"en","Peyton_Manning","7560","201509","Peyton_Manning"
"239",2015-09-14,8593,"en","Peyton_Manning","7560","201509","Peyton_Manning"
"240",2015-09-15,4545,"en","Peyton_Manning","7560","201509","Peyton_Manning"
"241",2015-09-16,3204,"en","Peyton_Manning","7560","201509","Peyton_Manning"
"242",2015-09-17,4468,"en","Peyton_Manning","7560","201509","Peyton_Manning"
"243",2015-09-18,16678,"en","Peyton_Manning","7560","201509","Peyton_Manning"
"244",2015-09-19,3341,"en","Peyton_Manning","7560","201509","Peyton_Manning"
"262",2015-09-20,4586,"en","Peyton_Manning","7560","201509","Peyton_Manning"
"261",2015-09-21,5161,"en","Peyton_Manning","7560","201509","Peyton_Manning"
"264",2015-09-22,4117,"en","Peyton_Manning","7560","201509","Peyton_Manning"
"258",2015-09-23,3006,"en","Peyton_Manning","7560","201509","Peyton_Manning"
"248",2015-09-24,3361,"en","Peyton_Manning","7560","201509","Peyton_Manning"
"257",2015-09-25,5338,"en","Peyton_Manning","7560","201509","Peyton_Manning"
"249",2015-09-26,2018,"en","Peyton_Manning","7560","201509","Peyton_Manning"
"259",2015-09-27,4501,"en","Peyton_Manning","7560","201509","Peyton_Manning"
"246",2015-09-28,13919,"en","Peyton_Manning","7560","201509","Peyton_Manning"
"247",2015-09-29,5216,"en","Peyton_Manning","7560","201509","Peyton_Manning"
"245",2015-09-30,3444,"en","Peyton_Manning","7560","201509","Peyton_Manning"
"288",2015-10-01,2955,"en","Peyton_Manning","7560","201510","Peyton_Manning"
"290",2015-10-02,2658,"en","Peyton_Manning","7560","201510","Peyton_Manning"
"289",2015-10-03,1737,"en","Peyton_Manning","7560","201510","Peyton_Manning"
"285",2015-10-04,4338,"en","Peyton_Manning","7560","201510","Peyton_Manning"
"284",2015-10-05,6166,"en","Peyton_Manning","7560","201510","Peyton_Manning"
"287",2015-10-06,3214,"en","Peyton_Manning","7560","201510","Peyton_Manning"
"286",2015-10-07,2442,"en","Peyton_Manning","7560","201510","Peyton_Manning"
"292",2015-10-08,2321,"en","Peyton_Manning","7560","201510","Peyton_Manning"
"291",2015-10-09,2751,"en","Peyton_Manning","7560","201510","Peyton_Manning"
"270",2015-10-10,1566,"en","Peyton_Manning","7560","201510","Peyton_Manning"
"271",2015-10-11,3544,"en","Peyton_Manning","7560","201510","Peyton_Manning"
"269",2015-10-13,3870,"en","Peyton_Manning","7560","201510","Peyton_Manning"
"267",2015-10-14,2557,"en","Peyton_Manning","7560","201510","Peyton_Manning"
"268",2015-10-15,2299,"en","Peyton_Manning","7560","201510","Peyton_Manning"
"265",2015-10-16,2516,"en","Peyton_Manning","7560","201510","Peyton_Manning"
"266",2015-10-17,1574,"en","Peyton_Manning","7560","201510","Peyton_Manning"
"272",2015-10-18,4019,"en","Peyton_Manning","7560","201510","Peyton_Manning"
"273",2015-10-19,6259,"en","Peyton_Manning","7560","201510","Peyton_Manning"
"283",2015-10-20,4434,"en","Peyton_Manning","7560","201510","Peyton_Manning"
"282",2015-10-21,2388,"en","Peyton_Manning","7560","201510","Peyton_Manning"
"281",2015-10-22,2790,"en","Peyton_Manning","7560","201510","Peyton_Manning"
"280",2015-10-23,2592,"en","Peyton_Manning","7560","201510","Peyton_Manning"
"279",2015-10-24,2814,"en","Peyton_Manning","7560","201510","Peyton_Manning"
"278",2015-10-25,3634,"en","Peyton_Manning","7560","201510","Peyton_Manning"
"277",2015-10-26,4578,"en","Peyton_Manning","7560","201510","Peyton_Manning"
"276",2015-10-27,3155,"en","Peyton_Manning","7560","201510","Peyton_Manning"
"275",2015-10-28,2468,"en","Peyton_Manning","7560","201510","Peyton_Manning"
"274",2015-10-29,2408,"en","Peyton_Manning","7560","201510","Peyton_Manning"
"293",2015-10-30,3323,"en","Peyton_Manning","7560","201510","Peyton_Manning"
"294",2015-10-31,2041,"en","Peyton_Manning","7560","201510","Peyton_Manning"
"319",2015-11-01,3271,"en","Peyton_Manning","7560","201511","Peyton_Manning"
"316",2015-11-02,11995,"en","Peyton_Manning","7560","201511","Peyton_Manning"
"317",2015-11-03,4690,"en","Peyton_Manning","7560","201511","Peyton_Manning"
"310",2015-11-04,3276,"en","Peyton_Manning","7560","201511","Peyton_Manning"
"323",2015-11-05,2955,"en","Peyton_Manning","7560","201511","Peyton_Manning"
"308",2015-11-06,4139,"en","Peyton_Manning","7560","201511","Peyton_Manning"
"309",2015-11-07,2082,"en","Peyton_Manning","7560","201511","Peyton_Manning"
"312",2015-11-08,4848,"en","Peyton_Manning","7560","201511","Peyton_Manning"
"313",2015-11-09,9543,"en","Peyton_Manning","7560","201511","Peyton_Manning"
"300",2015-11-10,3599,"en","Peyton_Manning","7560","201511","Peyton_Manning"
"299",2015-11-11,2506,"en","Peyton_Manning","7560","201511","Peyton_Manning"
"302",2015-11-12,2866,"en","Peyton_Manning","7560","201511","Peyton_Manning"
"301",2015-11-13,2148,"en","Peyton_Manning","7560","201511","Peyton_Manning"
"304",2015-11-14,1291,"en","Peyton_Manning","7560","201511","Peyton_Manning"
"303",2015-11-15,2703,"en","Peyton_Manning","7560","201511","Peyton_Manning"
"306",2015-11-16,15280,"en","Peyton_Manning","7560","201511","Peyton_Manning"
"305",2015-11-17,6962,"en","Peyton_Manning","7560","201511","Peyton_Manning"
"296",2015-11-18,4373,"en","Peyton_Manning","7560","201511","Peyton_Manning"
"295",2015-11-19,3514,"en","Peyton_Manning","7560","201511","Peyton_Manning"
"320",2015-11-20,3143,"en","Peyton_Manning","7560","201511","Peyton_Manning"
"321",2015-11-21,1922,"en","Peyton_Manning","7560","201511","Peyton_Manning"
"322",2015-11-22,3852,"en","Peyton_Manning","7560","201511","Peyton_Manning"
"311",2015-11-23,5842,"en","Peyton_Manning","7560","201511","Peyton_Manning"
"324",2015-11-24,4050,"en","Peyton_Manning","7560","201511","Peyton_Manning"
"298",2015-11-25,3162,"en","Peyton_Manning","7560","201511","Peyton_Manning"
"318",2015-11-26,2624,"en","Peyton_Manning","7560","201511","Peyton_Manning"
"307",2015-11-27,3624,"en","Peyton_Manning","7560","201511","Peyton_Manning"
"314",2015-11-28,1981,"en","Peyton_Manning","7560","201511","Peyton_Manning"
"315",2015-11-29,3046,"en","Peyton_Manning","7560","201511","Peyton_Manning"
"297",2015-11-30,189032,"en","Peyton_Manning","7560","201511","Peyton_Manning"
"329",2015-12-01,101017,"en","Peyton_Manning","7560","201512","Peyton_Manning"
"328",2015-12-02,6074,"en","Peyton_Manning","7560","201512","Peyton_Manning"
"327",2015-12-03,3153,"en","Peyton_Manning","7560","201512","Peyton_Manning"
"333",2015-12-04,3234,"en","Peyton_Manning","7560","201512","Peyton_Manning"
"332",2015-12-05,1735,"en","Peyton_Manning","7560","201512","Peyton_Manning"
"331",2015-12-06,3023,"en","Peyton_Manning","7560","201512","Peyton_Manning"
"330",2015-12-07,4899,"en","Peyton_Manning","7560","201512","Peyton_Manning"
"326",2015-12-08,2925,"en","Peyton_Manning","7560","201512","Peyton_Manning"
"325",2015-12-09,2387,"en","Peyton_Manning","7560","201512","Peyton_Manning"
"350",2015-12-10,3867,"en","Peyton_Manning","7560","201512","Peyton_Manning"
"351",2015-12-11,2608,"en","Peyton_Manning","7560","201512","Peyton_Manning"
"352",2015-12-12,1496,"en","Peyton_Manning","7560","201512","Peyton_Manning"
"353",2015-12-13,2249,"en","Peyton_Manning","7560","201512","Peyton_Manning"
"346",2015-12-14,4103,"en","Peyton_Manning","7560","201512","Peyton_Manning"
"347",2015-12-15,3777,"en","Peyton_Manning","7560","201512","Peyton_Manning"
"348",2015-12-16,2459,"en","Peyton_Manning","7560","201512","Peyton_Manning"
"349",2015-12-17,1982,"en","Peyton_Manning","7560","201512","Peyton_Manning"
"354",2015-12-18,1861,"en","Peyton_Manning","7560","201512","Peyton_Manning"
"355",2015-12-19,1302,"en","Peyton_Manning","7560","201512","Peyton_Manning"
"335",2015-12-20,2674,"en","Peyton_Manning","7560","201512","Peyton_Manning"
"334",2015-12-21,4273,"en","Peyton_Manning","7560","201512","Peyton_Manning"
"337",2015-12-22,3329,"en","Peyton_Manning","7560","201512","Peyton_Manning"
"336",2015-12-23,2381,"en","Peyton_Manning","7560","201512","Peyton_Manning"
"339",2015-12-24,1552,"en","Peyton_Manning","7560","201512","Peyton_Manning"
"338",2015-12-25,1483,"en","Peyton_Manning","7560","201512","Peyton_Manning"
"341",2015-12-26,1237,"en","Peyton_Manning","7560","201512","Peyton_Manning"
"340",2015-12-27,7178,"en","Peyton_Manning","7560","201512","Peyton_Manning"
"343",2015-12-28,10411,"en","Peyton_Manning","7560","201512","Peyton_Manning"
"342",2015-12-29,10383,"en","Peyton_Manning","7560","201512","Peyton_Manning"
"344",2015-12-30,4409,"en","Peyton_Manning","7560","201512","Peyton_Manning"
"345",2015-12-31,2995,"en","Peyton_Manning","7560","201512","Peyton_Manning"
"360",2016-01-01,1977,"en","Peyton_Manning","7560","201601","Peyton_Manning"
"361",2016-01-02,2503,"en","Peyton_Manning","7560","201601","Peyton_Manning"
"362",2016-01-03,3825,"en","Peyton_Manning","7560","201601","Peyton_Manning"
"356",2016-01-04,10885,"en","Peyton_Manning","7560","201601","Peyton_Manning"
"357",2016-01-05,5262,"en","Peyton_Manning","7560","201601","Peyton_Manning"
"358",2016-01-06,4241,"en","Peyton_Manning","7560","201601","Peyton_Manning"
"359",2016-01-07,4007,"en","Peyton_Manning","7560","201601","Peyton_Manning"
"363",2016-01-08,3985,"en","Peyton_Manning","7560","201601","Peyton_Manning"
"364",2016-01-09,2406,"en","Peyton_Manning","7560","201601","Peyton_Manning"
